girone,colore,squadra_ospitante,comune,km_strada_andata,km_andata_ritorno,minuti_auto_andata,km_linea_d_aria
A,nera,AD ASTRA - CENTAURUS,Sesto San Giovanni,8.6,17.2,14,5.6
A,nera,NUOVA UMPLA BRESSO,Bresso,13.0,26.0,20,9.8
A,nera,EXPERIENCE FITNESS CLUB,Lissone,17.7,35.4,21,12.1
A,nera,A.S.D. VICUS VOLLEY TEAM,Vimercate,18.4,36.8,21,12.8
A,nera,TIGERS VOLLEY BERNAREGGIO ASD,Bernareggio,21.4,42.8,25,16.1
A,nera,BOLLATE VOLLEY ACADEMY,Bollate,25.3,50.6,26,15.7
A,nera,PALLAVOLO GSA,Carate Brianza,25.8,51.6,27,18.7
A,nera,VOLLEY CORREZZANA,Correzzana,25.9,51.8,32,16.9
A,nera,TAI SOLUTION MERATE VOLLEY,Merate,26.5,53.0,29,21.7
A,nera,ZEROQUATTRO VOLLEY,Limbiate,28.9,57.8,33,19.8
A,nera,VOLLEY LUCERNATE BLU,Rho,32.1,64.2,34,22.6
A,nera,POLISPORTIVA BESANESE,Besana in Brianza,33.0,66.0,35,20.8
A,nera,A.S.C. BALLABIO 89,Ballabio,61.6,123.2,59,43.5
B,rossa,ASO CERNUSCO,Cernusco sul Naviglio,1.1,2.2,2,0.6
B,rossa,A.S.D. VOLLEY TEAM PIOLTELLO,Pioltello,1.5,3.0,3,1.2
B,rossa,ALLIANZ POWERVOLLEY,Segrate,5.5,11.0,8,3.6
B,rossa,A.S.D. AQUILA AZZURRA MELZO,Melzo,11.2,22.4,14,8.6
B,rossa,POL. KOLBE VOLLEY MILANO,Milano,12.1,24.2,15,9.1
B,rossa,AD ASTRA - DRACO,Sesto San Giovanni,12.3,24.6,17,7.4
B,rossa,ASD GATE VOLLEY MILANO,Milano,16.7,33.4,25,14.2
B,rossa,NAVIGLI VOLLEY SSD,Milano,17.0,34.0,23,12.8
B,rossa,ASIPRE FORZA E CORAGGIO MILANO,Milano,17.7,35.4,25,13.3
B,rossa,PEGASUS - AG MILANO,Milano,20.8,41.6,30,17.3
B,rossa,CRAZY VOLLEY ROZZANO YOUNG,Rozzano,29.4,58.8,31,18.2
B,rossa,VOLLEY LUCERNATE BIANCA,Rho,30.1,60.2,32,19.6
B,rossa,KIVIAL MI3 VOLLEY,Basiglio,33.1,66.2,37,21.2
